21:53:17.2N	Frankenstein; or, the modern prometheus	downloading	download	0	-
21:53:18.2N	Frankenstein; or, the modern prometheus	downloading	download	0	-
21:53:19.2N	Frankenstein; or, the modern prometheus	downloading	download	0	-
21:53:19.2N	Frankenstein; or, the modern prometheus	downloading	download	0	-
21:53:20.2N	Frankenstein; or, the modern prometheus	downloading	download	0	-
21:53:20.2N	Frankenstein; or, the modern prometheus	downloading	download	0	-
21:53:21.2N	Frankenstein; or, the modern prometheus	downloading	download	0	-
21:53:22.2N	Frankenstein; or, the modern prometheus	downloading	download	0	-
21:53:22.2N	Frankenstein; or, the modern prometheus	downloading	download	0	-
21:53:23.2N	Frankenstein; or, the modern prometheus	downloading	download	0	-
21:53:23.2N	Frankenstein; or, the modern prometheus	downloading	download	0	-
21:53:24.2N	Frankenstein; or, the modern prometheus	downloading	download	0	-
21:53:25.2N	Frankenstein; or, the modern prometheus	downloading	download	0	-
21:53:25.2N	Frankenstein; or, the modern prometheus	downloading	download	0	-
21:53:26.2N	Frankenstein; or, the modern prometheus	downloading	download	0	-
21:53:27.2N	Frankenstein; or, the modern prometheus	downloading	download	0	-
21:53:27.2N	Frankenstein; or, the modern prometheus	downloading	download	0	-
21:53:28.2N	Frankenstein; or, the modern prometheus	downloading	download	0	-
21:53:28.2N	Frankenstein; or, the modern prometheus	downloading	download	0	-
21:53:29.2N	Frankenstein; or, the modern prometheus	downloading	download	0	-
21:53:30.2N	Frankenstein; or, the modern prometheus	downloading	download	0	-
21:53:30.2N	Frankenstein; or, the modern prometheus	downloading	download	0	-
21:53:31.2N	Frankenstein; or, the modern prometheus	downloading	download	0	-
21:53:31.2N	Frankenstein; or, the modern prometheus	downloading	download	0	-
21:53:32.2N	Frankenstein; or, the modern prometheus	downloading	download	0	-
21:53:33.2N	Frankenstein; or, the modern prometheus	downloading	download	0	-
21:53:33.2N	Frankenstein; or, the modern prometheus	downloading	download	0	-
21:53:34.2N	Frankenstein; or, the modern prometheus	downloading	download	0	-
21:53:34.2N	Frankenstein; or, the modern prometheus	downloading	download	0	-
21:53:35.2N	Frankenstein; or, the modern prometheus	downloading	download	0	-
21:53:36.2N	Frankenstein; or, the modern prometheus	downloading	download	0	-
21:53:36.2N	Frankenstein; or, the modern prometheus	downloading	download	0	-
21:53:37.2N	Frankenstein; or, the modern prometheus	downloading	download	0	-
21:53:37.2N	Frankenstein; or, the modern prometheus	downloading	download	0	-
21:53:38.2N	Frankenstein; or, the modern prometheus	downloading	download	0	-
21:53:39.2N	Frankenstein; or, the modern prometheus	downloading	download	0	-
21:53:39.2N	Frankenstein; or, the modern prometheus	downloading	download	0	-
21:53:40.2N	Frankenstein; or, the modern prometheus	downloading	download	0	-
21:53:40.2N	Frankenstein; or, the modern prometheus	downloading	download	0	-
21:53:41.2N	Frankenstein; or, the modern prometheus	downloading	download	0	-
21:53:42.2N	Frankenstein; or, the modern prometheus	downloading	download	0	-
21:53:42.2N	Frankenstein; or, the modern prometheus	downloading	download	0	-
21:53:43.2N	Frankenstein; or, the modern prometheus	downloading	download	0	-
21:53:44.2N	Frankenstein; or, the modern prometheus	downloading	download	0	-
21:53:44.2N	Frankenstein; or, the modern prometheus	downloading	download	0	-
21:53:45.2N	Frankenstein; or, the modern prometheus	downloading	download	0	-
21:53:45.2N	Frankenstein; or, the modern prometheus	downloading	download	0	-
21:53:46.2N	Frankenstein; or, the modern prometheus	downloading	download	0	-
21:53:47.2N	Frankenstein; or, the modern prometheus	downloading	download	0	-
21:53:47.2N	Frankenstein; or, the modern prometheus	downloading	download	0	-
21:53:48.2N	Frankenstein; or, the modern prometheus	downloading	download	0	-
21:53:48.2N	Frankenstein; or, the modern prometheus	downloading	download	0	-
21:53:49.2N	Frankenstein; or, the modern prometheus	downloading	download	0	-
21:53:50.2N	Frankenstein; or, the modern prometheus	downloading	download	0	-
21:53:50.2N	Frankenstein; or, the modern prometheus	downloading	download	0	-
21:53:51.2N	Frankenstein; or, the modern prometheus	downloading	download	0	-
21:53:51.2N	Frankenstein; or, the modern prometheus	downloading	download	0	-
21:53:52.2N	Frankenstein; or, the modern prometheus	downloading	download	0	-
21:53:53.2N	Frankenstein; or, the modern prometheus	downloading	download	0	-
21:53:53.2N	Frankenstein; or, the modern prometheus	downloading	download	0	-
21:53:54.2N	Frankenstein; or, the modern prometheus	downloading	download	0	-
21:53:54.2N	Frankenstein; or, the modern prometheus	downloading	download	0	-
21:53:55.2N	Frankenstein; or, the modern prometheus	downloading	download	0	-
21:53:56.2N	Frankenstein; or, the modern prometheus	downloading	download	0	-
21:53:56.2N	Frankenstein; or, the modern prometheus	downloading	download	0	-
21:53:57.2N	Frankenstein; or, the modern prometheus	downloading	download	0	-
21:53:58.2N	Frankenstein; or, the modern prometheus	downloading	download	0	-
21:53:58.2N	Frankenstein; or, the modern prometheus	downloading	download	0	-
21:53:59.2N	Frankenstein; or, the modern prometheus	downloading	download	0	-
21:53:59.2N	Frankenstein; or, the modern prometheus	downloading	download	0	-
21:54:00.2N	Frankenstein; or, the modern prometheus	downloading	download	0	-
21:54:01.2N	Frankenstein; or, the modern prometheus	downloading	download	0	-
21:54:01.2N	Frankenstein; or, the modern prometheus	downloading	download	0	-
21:54:02.2N	Frankenstein; or, the modern prometheus	downloading	download	0	-
21:54:02.2N	Frankenstein; or, the modern prometheus	downloading	download	0	-
21:54:03.2N	Frankenstein; or, the modern prometheus	downloading	download	0	-
21:54:04.2N	Frankenstein; or, the modern prometheus	downloading	download	0	-
21:54:04.2N	Frankenstein; or, the modern prometheus	downloading	download	0	-
21:54:05.2N	Frankenstein; or, the modern prometheus	downloading	download	0	-
21:54:05.2N	Frankenstein; or, the modern prometheus	downloading	download	0	-
21:54:06.2N	Frankenstein; or, the modern prometheus	downloading	download	0	-
21:54:07.2N	Frankenstein; or, the modern prometheus	downloading	download	0	-
21:54:07.2N	Frankenstein; or, the modern prometheus	downloading	download	0	-
21:54:08.2N	Frankenstein; or, the modern prometheus	downloading	download	0	-
21:54:08.2N	Frankenstein; or, the modern prometheus	downloading	download	0	-
21:54:09.2N	Frankenstein; or, the modern prometheus	downloading	download	0	-
21:54:10.2N	Frankenstein; or, the modern prometheus	downloading	download	0	-
21:54:10.2N	Frankenstein; or, the modern prometheus	downloading	download	0	-
21:54:11.2N	Frankenstein; or, the modern prometheus	downloading	download	0	-
21:54:11.2N	Frankenstein; or, the modern prometheus	downloading	download	0	-
21:54:12.2N	Frankenstein; or, the modern prometheus	downloading	download	0	-
21:54:13.2N	Frankenstein; or, the modern prometheus	downloading	download	0	-
21:54:13.2N	Frankenstein; or, the modern prometheus	downloading	download	0	-
21:54:14.2N	Frankenstein; or, the modern prometheus	downloading	download	0	-
21:54:14.2N	Frankenstein; or, the modern prometheus	downloading	download	0	-
21:54:15.2N	Frankenstein; or, the modern prometheus	downloading	download	0	-
21:54:16.2N	Frankenstein; or, the modern prometheus	downloading	download	0	-
21:54:16.2N	Frankenstein; or, the modern prometheus	downloading	download	0	-
21:54:17.2N	Frankenstein; or, the modern prometheus	downloading	download	0	-
21:54:17.2N	Frankenstein; or, the modern prometheus	downloading	download	0	-
21:54:18.2N	Frankenstein; or, the modern prometheus	downloading	download	0	-
21:54:19.2N	Frankenstein; or, the modern prometheus	downloading	download	0	-
21:54:19.2N	Frankenstein; or, the modern prometheus	downloading	download	0	-
21:54:20.2N	Frankenstein; or, the modern prometheus	downloading	download	0	-
21:54:20.2N	Frankenstein; or, the modern prometheus	downloading	download	0	-
21:54:21.2N	Frankenstein; or, the modern prometheus	downloading	download	0	-
21:54:22.2N	Frankenstein; or, the modern prometheus	downloading	download	0	-
21:54:22.2N	Frankenstein; or, the modern prometheus	downloading	download	0	-
21:54:23.2N	Frankenstein; or, the modern prometheus	downloading	download	0	-
21:54:23.2N	Frankenstein; or, the modern prometheus	downloading	download	0	-
21:54:24.2N	Frankenstein; or, the modern prometheus	downloading	download	0	-
21:54:25.2N	Frankenstein; or, the modern prometheus	downloading	download	0	-
21:54:25.2N	Frankenstein; or, the modern prometheus	downloading	download	0	-
21:54:26.2N	Frankenstein; or, the modern prometheus	downloading	download	0	-
21:54:26.2N	Frankenstein; or, the modern prometheus	downloading	download	0	-
21:54:27.2N	Frankenstein; or, the modern prometheus	downloading	download	0	-
21:54:28.2N	Frankenstein; or, the modern prometheus	downloading	download	0	-
21:54:28.2N	Frankenstein; or, the modern prometheus	downloading	download	0	-
21:54:29.2N	Frankenstein; or, the modern prometheus	downloading	download	0	-
21:54:30.2N	Frankenstein; or, the modern prometheus	downloading	download	0	-
21:54:30.2N	Frankenstein; or, the modern prometheus	downloading	download	0	-
21:54:31.2N	Frankenstein; or, the modern prometheus	downloading	download	0	-
21:54:31.2N	Frankenstein; or, the modern prometheus	downloading	download	0	-
21:54:32.2N	Frankenstein; or, the modern prometheus	downloading	download	0	-
21:54:33.2N	Frankenstein; or, the modern prometheus	downloading	download	0	-
21:54:33.2N	Frankenstein; or, the modern prometheus	downloading	download	0	-
21:54:34.2N	Frankenstein; or, the modern prometheus	downloading	download	0	-
21:54:34.2N	Frankenstein; or, the modern prometheus	downloading	download	0	-
21:54:35.2N	Frankenstein; or, the modern prometheus	downloading	download	0	-
21:54:36.2N	Frankenstein; or, the modern prometheus	downloading	download	0	-
21:54:36.2N	Frankenstein; or, the modern prometheus	downloading	download	0	-
21:54:37.2N	Frankenstein; or, the modern prometheus	downloading	download	0	-
21:54:37.2N	Frankenstein; or, the modern prometheus	downloading	download	0	-
21:54:38.2N	Frankenstein; or, the modern prometheus	downloading	download	0	-
21:54:39.2N	Frankenstein; or, the modern prometheus	downloading	download	0	-
21:54:39.2N	Frankenstein; or, the modern prometheus	downloading	download	0	-
21:54:40.2N	Frankenstein; or, the modern prometheus	downloading	download	0	-
21:54:40.2N	Frankenstein; or, the modern prometheus	downloading	download	0	-
21:54:41.2N	Frankenstein; or, the modern prometheus	downloading	download	0	-
21:54:42.2N	Frankenstein; or, the modern prometheus	downloading	download	0	-
21:54:42.2N	Frankenstein; or, the modern prometheus	downloading	download	0	-
21:54:43.2N	Frankenstein; or, the modern prometheus	downloading	download	0	-
21:54:43.2N	Frankenstein; or, the modern prometheus	downloading	download	0	-
21:54:44.2N	Frankenstein; or, the modern prometheus	downloading	download	0	-
21:54:45.2N	Frankenstein; or, the modern prometheus	downloading	download	0	-
21:54:45.2N	Frankenstein; or, the modern prometheus	downloading	download	100	-
21:54:46.2N	Frankenstein; or, the modern prometheus	cleaning	clean	100	-
21:54:46.2N	Frankenstein; or, the modern prometheus	cleaning	clean	100	-
21:54:47.2N	Frankenstein; or, the modern prometheus	cleaning	clean	100	-
21:54:48.2N	Frankenstein; or, the modern prometheus	parsing	parse	0	-
21:54:48.2N	Frankenstein; or, the modern prometheus	parsing	parse	100	-
21:54:49.2N	Frankenstein; or, the modern prometheus	parsing	parse	100	-
21:54:49.2N	Frankenstein; or, the modern prometheus	parsing	parse	100	-
21:54:50.2N	Frankenstein; or, the modern prometheus	chunking	chunk	93	-
21:54:51.2N	Frankenstein; or, the modern prometheus	chunking	chunk	100	-
21:54:51.2N	Frankenstein; or, the modern prometheus	chunking	chunk	100	-
21:54:52.2N	Frankenstein; or, the modern prometheus	summarizing	summarize	41	-
21:54:52.2N	Frankenstein; or, the modern prometheus	summarizing	summarize	100	-
21:54:53.2N	Frankenstein; or, the modern prometheus	summarizing	summarize	100	-
21:54:54.2N	Frankenstein; or, the modern prometheus	summarizing	summarize	100	-
21:54:54.2N	Frankenstein; or, the modern prometheus	embedding	embed	100	-
21:54:55.2N	Frankenstein; or, the modern prometheus	embedding	embed	100	-
21:54:55.2N	Frankenstein; or, the modern prometheus	embedding	embed	100	-
21:54:56.2N	Frankenstein; or, the modern prometheus	ready	index	100	-
